"Status","Start Time","Stop Time","Duration in ms","Parent Suite","Suite","Sub Suite","Test Class","Test Method","Name","Description"
"failed","Thu Feb 04 17:02:29 CST 2021","Thu Feb 04 17:02:29 CST 2021","0","testcases","test_caclu","TestCalc","","","test_div[ZeroDivisionError_fail1]",""
"passed","Thu Feb 04 17:02:29 CST 2021","Thu Feb 04 17:02:29 CST 2021","0","testcases","test_caclu","TestCalc","","","test_add[int]",""
"passed","Thu Feb 04 17:02:29 CST 2021","Thu Feb 04 17:02:29 CST 2021","0","testcases","test_caclu","TestCalc","","","test_sub",""
"passed","Thu Feb 04 17:02:29 CST 2021","Thu Feb 04 17:02:29 CST 2021","0","testcases","test_caclu","TestCalc","","","test_div[int2]",""
"passed","Thu Feb 04 17:02:29 CST 2021","Thu Feb 04 17:02:29 CST 2021","0","testcases","test_caclu","TestCalc","","","test_add[intmax]",""
"passed","Thu Feb 04 17:02:29 CST 2021","Thu Feb 04 17:02:29 CST 2021","0","testcases","test_caclu","TestCalc","","","test_div[minus]",""
"passed","Thu Feb 04 17:02:29 CST 2021","Thu Feb 04 17:02:29 CST 2021","0","testcases","test_caclu","TestCalc","","","test_add[intminus1]",""
"broken","Thu Feb 04 17:02:29 CST 2021","Thu Feb 04 17:02:29 CST 2021","0","testcases","test_caclu","TestCalc","","","test_add[fail_str1]",""
"passed","Thu Feb 04 17:02:29 CST 2021","Thu Feb 04 17:02:29 CST 2021","0","testcases","test_caclu","TestCalc","","","test_add[intminus2]",""
"failed","Thu Feb 04 17:02:29 CST 2021","Thu Feb 04 17:02:29 CST 2021","0","testcases","test_caclu","TestCalc","","","test_add[fail_str2]",""
"passed","Thu Feb 04 17:02:29 CST 2021","Thu Feb 04 17:02:29 CST 2021","0","testcases","test_caclu","TestCalc","","","test_add[intminus3]",""
"passed","Thu Feb 04 17:02:29 CST 2021","Thu Feb 04 17:02:29 CST 2021","0","testcases","test_caclu","TestCalc","","","test_add[minus]",""
"passed","Thu Feb 04 17:02:29 CST 2021","Thu Feb 04 17:02:29 CST 2021","0","testcases","test_caclu","TestCalc","","","test_div[bigint]",""
"failed","Thu Feb 04 17:02:29 CST 2021","Thu Feb 04 17:02:29 CST 2021","0","testcases","test_caclu","TestCalc","","","test_div[float_fail1]",""
"passed","Thu Feb 04 17:02:29 CST 2021","Thu Feb 04 17:02:29 CST 2021","0","testcases","test_caclu","TestCalc","","","test_div[int]",""
"passed","Thu Feb 04 17:02:29 CST 2021","Thu Feb 04 17:02:29 CST 2021","0","testcases","test_caclu","TestCalc","","","test_mul",""
"broken","Thu Feb 04 17:02:29 CST 2021","Thu Feb 04 17:02:29 CST 2021","0","testcases","test_caclu","TestCalc","","","test_add[fail_str4]",""
"passed","Thu Feb 04 17:02:29 CST 2021","Thu Feb 04 17:02:29 CST 2021","0","testcases","test_caclu","TestCalc","","","test_div[float]",""
"failed","Thu Feb 04 17:02:29 CST 2021","Thu Feb 04 17:02:29 CST 2021","0","testcases","test_caclu","TestCalc","","","test_add[fail_float]",""
"passed","Thu Feb 04 17:02:29 CST 2021","Thu Feb 04 17:02:29 CST 2021","0","testcases","test_caclu","TestCalc","","","test_add[bigint]",""
"broken","Thu Feb 04 17:02:29 CST 2021","Thu Feb 04 17:02:29 CST 2021","0","testcases","test_caclu","TestCalc","","","test_add[fail_str3]",""
"passed","Thu Feb 04 17:02:29 CST 2021","Thu Feb 04 17:02:29 CST 2021","0","testcases","test_caclu","TestCalc","","","test_add[float]",""
"passed","Thu Feb 04 17:02:29 CST 2021","Thu Feb 04 17:02:29 CST 2021","0","testcases","test_caclu","TestCalc","","","test_div[int3]",""
